GPA,Attendance_Rate,English_Math_Grades,Homework_Completion_Rate,Weekly_Study_Time_Hours
2.13,98,70,50,10.2
3.79,91,97,86,18.8
3.54,79,85,99,5.5
3.33,86,82,74,13.5
2.52,84,93,100,7.4
2.88,82,84,83,6.2
2.58,86,66,74,11.2
3.73,78,92,72,7.7
2.04,78,82,66,15.5
2.75,81,84,99,11.8
2.86,99,99,91,6.0
3.22,75,80,57,13.9
3.63,93,92,68,10.4
3.9,94,88,63,16.4
2.24,80,85,89,19.0
2.31,79,67,72,2.7
3.54,86,83,77,2.9
2.15,100,68,75,2.0
3.66,81,75,82,7.6
2.34,99,67,95,11.9
3.84,94,85,57,8.9
3.77,94,99,97,11.5
2.4,97,96,85,18.9
2.07,75,99,72,1.7
3.97,97,98,62,15.1
2.37,76,87,97,1.9
2.24,83,99,51,5.1
3.05,83,89,71,2.1
3.42,85,97,75,1.3
2.01,75,97,79,11.2
3.94,87,65,89,16.3
3.04,89,66,71,14.0
2.65,80,88,96,2.6
3.18,81,99,69,13.1
3.12,90,97,65,18.7
2.31,97,83,51,2.8
2.28,76,72,84,11.7
3.09,91,94,96,17.5
3.62,83,88,100,12.9
2.61,84,95,88,19.0
2.37,98,80,91,6.0
3.93,87,97,61,16.6
3.73,87,96,91,19.6
2.99,75,82,54,19.9
3.03,99,73,94,17.5
2.58,95,71,75,1.3
3.25,97,94,58,19.2
3.57,100,69,56,18.9
3.66,91,76,94,3.4
2.42,93,92,58,9.8
2.91,85,76,62,12.7
3.2,78,90,71,7.5
3.05,87,94,78,17.8
3.37,80,100,77,4.9
3.2,89,71,51,4.3
2.72,80,99,86,19.2
2.12,81,84,76,6.9
2.56,91,86,79,12.0
2.61,77,75,72,16.6
2.94,76,97,74,5.0
